question,answer
"What is CampusLearn™?","CampusLearn™ is an innovative tutor-led learning platform designed specifically for Belgium Campus students. It provides flexible, accessible academic support through peer tutors and AI-powered features, bridging the gap between traditional lectures and individualized academic assistance. The platform offers 24/7 AI chat support, peer tutor matching, private messaging, public forums, and comprehensive resource sharing."
"How do I register on CampusLearn™?","Registration is simple and secure. Use your @belgiumcampus.ac.za email address to create your account. Complete your profile with personal details, academic background (program, year of study, modules), and select topics you need help with. The system will automatically match you with relevant peer tutors based on your academic profile."
"How can I update my academic details?","Log in to your CampusLearn™ account and navigate to your profile section. Click 'Edit Profile' to update personal information, academic details, current modules, year of study, or specialization. Changes are saved automatically and will update your tutor matching preferences."
"How do I create a help topic?","Navigate to the 'Topics' section and click 'Create New Topic'. Provide a clear title, describe your question or area where you need help, select the relevant module, and choose your privacy settings. The topic will be broadcast to interested students and qualified tutors who can provide assistance."
"How do I subscribe to a topic or tutor?","Browse available topics in the 'Topics' section or search for specific tutors in the 'Tutors' directory. Click 'Subscribe' on any topic or tutor profile to receive notifications about new posts, responses, and updates. You can manage your subscriptions in your profile settings."
"How do tutors respond to student queries?","Tutors receive real-time alerts for new questions in their assigned modules. They can respond directly through the topic thread, upload relevant learning materials, provide detailed feedback, and engage in private messaging with students. All responses are tracked and rated for quality assurance."
"Who can respond to my topic?","Only registered peer tutors who are qualified for the specific module can respond to your topic. This ensures you receive accurate, module-specific academic support. The system automatically matches your topic with tutors who have expertise in that subject area."
"How do I upload learning materials?","Tutors can upload various learning materials including videos (MP4, MOV), PDFs, audio files (MP3, WAV), and interactive exercises. Students can access these materials from the topic page, download them for offline study, or stream videos directly through the platform."
"Is CampusLearn™ mobile-friendly?","Yes, CampusLearn™ is fully responsive and optimized for all devices including smartphones, tablets, and desktops. The mobile app provides the same functionality as the web version, ensuring you can access academic support anytime, anywhere."
"How does the public forum work?","The public forum enables anonymous academic discourse among all Belgium Campus students. You can post questions anonymously, respond to others' queries, share resources, and upvote helpful answers. The forum features trending topics, FAQ sections, and admin moderation to maintain quality and respect."
"What is the AI-Powered Chatbot Tutor Assistant?","The AI chatbot serves as your first-line academic support, providing instant answers to FAQs, syllabus queries, definitions, study tips, and platform navigation. It uses advanced natural language processing to understand your questions and can escalate complex queries to human tutors when needed."
"What happens if the chatbot cannot answer my question?","When the AI cannot confidently answer your question, it will suggest the closest matches from the knowledge base, then automatically escalate your query to a registered peer tutor for your specific module. You'll receive notifications about the escalation and when a tutor responds."
"How do I start a private messaging thread with a tutor?","Create a help topic in your subject area, and CampusLearn™ will automatically match you with an approved tutor. A secure private messaging thread is then created between you and the tutor, allowing for personalized one-on-one academic support and resource sharing."
"What types of learning materials can be uploaded?","The platform supports videos (MP4, MOV, AVI), PDFs, audio files (MP3, WAV), interactive exercises, links to external resources, and document attachments. All materials are organized by module and topic for easy access and are optimized for various devices."
"How do notifications work on CampusLearn™?","CampusLearn™ integrates with multiple notification systems including email, SMS, and WhatsApp. You'll receive alerts for new tutor responses, topic updates, private messages, forum replies, and system announcements. You can customize notification preferences in your profile settings."
"What is a module?","A module is a specific subject or course offered at Belgium Campus, such as Mathematics 151, Web Programming 252, or Database Systems 271. Each module has detailed syllabi, learning outcomes, assessment criteria, and dedicated peer tutors who can provide specialized support."
"How do I find study tips for my module?","Ask the AI chatbot for module-specific study tips, browse resources uploaded by tutors in your module's topic area, or search the public forum for study strategies shared by other students. You can also create a topic requesting study tips from qualified tutors."
"What is a summative test?","A summative test is a formal assessment that evaluates your comprehensive understanding of module content at the end of a learning period. It typically contributes significantly to your final grade and tests your ability to apply knowledge, analyze concepts, and demonstrate mastery of learning outcomes."
"How do I access uploaded resources?","Navigate to the relevant topic or module page where you'll find all uploaded learning materials organized by type and date. You can view PDFs online, stream videos, download audio files, or access interactive exercises. Resources are searchable and filterable for easy discovery."
"How do I get help if I am struggling with a module?","Multiple support options are available: 1) Ask the AI chatbot for instant help, 2) Create a help topic for peer tutor assistance, 3) Browse the public forum for similar questions, 4) Access uploaded resources and study materials, 5) Start a private conversation with a qualified tutor."
"What is the purpose of Mathematics 151?","Mathematics 151 develops essential mathematical principles and reasoning skills with applications in computational, business, and applied mathematics. It covers algebra, calculus, statistics, and problem-solving techniques essential for IT and computing programs at Belgium Campus."
"What is covered in Web Programming 252?","Web Programming 252 covers modern web development frameworks, asynchronous programming, data repositories, API integration, and deploying dynamic websites using tools like Angular, Node.js, and cloud platforms. It prepares students for full-stack web development careers."
"What is the role of peer tutors?","Peer tutors are qualified students who provide academic support by answering questions, explaining concepts, sharing learning resources, providing feedback on assignments, and offering study strategies. They are registered for specific modules and undergo training to ensure quality support."
"How do I participate in the public forum?","Post questions anonymously, respond to others' queries, share helpful resources, upvote quality answers, and engage in academic discussions. The forum encourages collaboration and knowledge sharing while maintaining anonymity to reduce judgment and promote open learning."
"How do I escalate a question to a human tutor?","If the AI chatbot cannot answer your question confidently, it will automatically escalate your query to a registered peer tutor for your module. You'll receive a notification confirming the escalation and an estimated response time. The tutor will respond through the platform's messaging system."
"How do I receive feedback on my queries?","Tutors provide feedback directly in topic threads, through private messaging, or by uploading detailed response documents. You'll receive notifications when feedback is available, and you can rate the quality of responses to help improve the platform's tutor matching system."
"How do I ensure my learning materials are accessible?","Upload materials in standard formats (PDF, MP4, MP3) with clear descriptions and proper organization. The platform automatically optimizes content for different devices and provides alternative formats when possible. Use descriptive filenames and include captions for videos to enhance accessibility."
"What is the benefit of peer-to-peer learning?","Peer-to-peer learning provides personalized support from students who understand your academic challenges, offers diverse perspectives on complex topics, creates collaborative learning opportunities, builds confidence through peer interaction, and develops both teaching and learning skills for all participants."
"How do I contact support for technical issues?","Use the AI chatbot for immediate technical assistance, submit a support ticket through the platform's help center, or contact the technical support team via email. For urgent issues, use the emergency contact feature which provides priority support for critical problems."
"What programs does Belgium Campus offer?","Belgium Campus offers Bachelor of Information Technology (BIT) with Software Development specialization, Bachelor of Computing with Software Engineering/Data Science specializations, Diploma in Information Technology with Infrastructure/Software Development streams, Certificate programs, and part-time options for working professionals."
"What are the entry requirements for BIT?","The Bachelor of Information Technology requires a National Senior Certificate with university exemption, Mathematics and English at specific levels, and meeting the minimum APS score. International students need equivalent qualifications and English proficiency certification."
"What is the duration of the Diploma program?","The Diploma in Information Technology is 2.5 years of academic training plus 6 months of workplace training, totaling 3 years. It's offered at NQF Level 6 with 360 credits and includes both foundation and specialization phases."
"How does the internship work in Bachelor of Computing?","The Bachelor of Computing includes a mandatory 4th year with 1 year of workplace training at national or international companies. Students complete academic research, write a formal dissertation, and gain real-world industry experience while earning their degree."
"What specializations are available?","Software Development specialization focuses on object-oriented programming, web development, and mobile app creation. Data Science specialization covers data analysis, machine learning, and business intelligence. Infrastructure specialization includes cloud computing, networking, and system administration."
"How do I apply for Belgium Campus programs?","Apply online through the Belgium Campus website, submit required documents including academic transcripts, complete the application form, pay application fees, and attend any required interviews or assessments. International students need additional documentation for visa and study permit processes."
"What support services are available for students?","Belgium Campus provides academic support through CampusLearn™, career guidance services, library resources, computer labs, study groups, peer tutoring, disability support services, and international student assistance programs."
"How do I track my academic progress?","Access your academic dashboard on CampusLearn™ to view grades, assignment feedback, module progress, upcoming assessments, and tutor recommendations. The system provides analytics on your learning patterns and suggests areas for improvement."
"What is the campus location and facilities?","Belgium Campus has three locations: Pretoria Campus (main), Kempton Park Campus, and Stellenbosch Campus. Facilities include modern computer labs, libraries, study areas, cafeterias, sports facilities, and dedicated spaces for group work and tutoring sessions."
"How do I become a peer tutor?","Apply through CampusLearn™ by submitting your academic record, completing tutor training modules, passing qualification assessments for specific modules, and maintaining good academic standing. Tutors receive recognition, experience, and opportunities for professional development."
"What is the assessment structure?","Assessment includes continuous evaluation through assignments and tests, formative feedback throughout the semester, summative assessments at module completion, practical projects, and final examinations. The exact structure varies by module and program requirements."
"How do I access my grades and transcripts?","View current grades through your CampusLearn™ dashboard, request official transcripts through the student portal, and access detailed feedback on assignments and assessments. Transcripts can be ordered for academic or professional purposes with processing time of 5-7 business days."
"What career opportunities are available after graduation?","Graduates can pursue careers in software development, web programming, data analysis, system administration, IT consulting, project management, and entrepreneurship. The programs prepare students for roles in technology companies, financial institutions, government agencies, and startups."
"How do I get help with job placement?","Belgium Campus provides career services including job placement assistance, resume building workshops, interview preparation, industry networking events, and connections with employer partners. The career center helps students find internships and full-time positions."
"What is the difference between BIT and Bachelor of Computing?","BIT focuses on information systems with Software Development specialization, is 3 years (NQF Level 7, 360 credits), and emphasizes practical IT skills. Bachelor of Computing is 4 years with workplace training (NQF Level 8, 506 credits), includes research dissertation, and offers deeper theoretical knowledge with Software Engineering or Data Science specializations."
"How do I transfer between programs?","Submit a transfer application through the student portal, meet academic requirements for the target program, complete any additional prerequisites, and receive approval from academic advisors. Transfer credits are evaluated on a case-by-case basis."
"What financial aid options are available?","Belgium Campus offers bursaries, scholarships, payment plans, NSFAS funding for qualifying students, and external funding opportunities. Contact the financial aid office for personalized assistance with funding options and application processes."
"How do I access the library resources?","Access digital resources through the online library portal, visit physical libraries at any campus location, use interlibrary loan services, access academic databases, and get assistance from librarians for research projects and assignments."
"What is the student-to-tutor ratio?","CampusLearn™ maintains optimal ratios to ensure quality support. Typically, there are 3-5 qualified tutors per module, with each tutor supporting 10-15 students maximum to maintain personalized attention and quality interactions."
"How do I report inappropriate behavior?","Use the platform's reporting system for any inappropriate behavior, contact campus security for urgent issues, report to academic advisors for academic misconduct, or use the anonymous reporting feature for sensitive situations. All reports are handled confidentially and promptly."
"What is the platform's privacy policy?","CampusLearn™ follows strict privacy protocols, encrypts all communications, protects personal information, complies with data protection laws, and allows students to control their privacy settings. Personal academic information is never shared without consent."
"How do I update my notification preferences?","Access your profile settings, navigate to notification preferences, choose your preferred communication methods (email, SMS, WhatsApp), set frequency levels, and customize which types of notifications you want to receive."
"What happens if I miss a deadline?","Contact your tutor immediately through CampusLearn™, explain your circumstances, request extensions when appropriate, and work with tutors to develop catch-up plans. The platform provides tools for tracking deadlines and receiving reminders."
"How do I give feedback about the platform?","Use the feedback form in your profile, participate in student surveys, contact the development team directly, or share suggestions through the public forum. Your feedback helps improve the platform for all students."
"What is the platform's uptime and reliability?","CampusLearn™ maintains 99.9% uptime with redundant systems, regular maintenance windows, and 24/7 technical monitoring. Emergency protocols ensure minimal disruption to academic support services."
"How do I access the platform offline?","Download resources for offline access, use the mobile app's offline mode for basic features, sync data when reconnected, and access cached content during temporary connectivity issues."
"What is the difference between public forum and private messaging?","Public forum allows anonymous discussions visible to all students, encourages collaboration and knowledge sharing. Private messaging provides one-on-one communication with tutors, ensures privacy and personalized support, and maintains detailed conversation history."
"How do I manage multiple topics and subscriptions?","Use the dashboard to organize your topics, set priority levels, manage subscription notifications, and track responses. The platform provides tools for efficient topic management and helps you stay organized across multiple subjects."
